method,timestamp,identity_similarity,identity_preserved,identity_accuracy,original_emotion,stylized_emotion,emotion_preserved,emotion_accuracy,emotion_distribution_similarity,ssim,ssim_percentage,psnr,edge_preservation,edge_preservation_percentage,color_similarity,color_similarity_percentage,cartoon_quality,cartoon_quality_percentage,overall_preservation,overall_preservation_percentage,quality_preservation_balance,balance_percentage,image_name
OpenCV Baseline,2025-10-16 04:33:25.595907,0.5305700071541126,False,53.05700071541126,sad,neutral,False,0.0,0.16808664798736572,0.581358104356583,58.1358104356583,12.503184237022616,0.3411311493235162,34.11311493235162,0.49773076881233513,49.773076881233514,16.498272063311408,1649.8272063311408,0.40127191073792806,40.12719107379281,8.449771987024668,844.9771987024668,celebhq_0000.jpg
Simple Quantization,2025-10-16 04:33:27.950197,0.990695439172329,True,99.0695439172329,sad,sad,True,100.0,0.986952543258667,0.8911675808734925,89.11675808734924,30.011775012164907,0.6812243678535539,68.12243678535539,0.31988979373973336,31.988979373973336,9.52884413326488,952.8844133264879,0.8256092721653903,82.56092721653903,5.177226702715135,517.7226702715135,celebhq_0000.jpg
Edge-Preserving,2025-10-16 04:33:30.387011,0.9827114809755138,True,98.27114809755138,sad,sad,True,100.0,0.9968108534812927,0.7956727261459201,79.56727261459201,29.629445588812864,0.48214982735325024,48.21498273532502,0.8878650298471459,88.78650298471459,5.742443861119887,574.2443861119887,0.8594502181018976,85.94502181018976,3.300947039610892,330.09470396108924,celebhq_0000.jpg
Our Method,2025-10-16 04:33:32.948567,0.7768695318248082,True,77.68695318248082,sad,sad,True,100.0,0.900655210018158,0.37364227776492714,37.36422777649271,11.597335390304169,0.3091151895764532,30.911518957645317,0.11061222105773248,11.061222105773249,12.518521356021656,1251.8521356021656,0.5707484266955557,57.07484266955557,6.544634891358606,654.4634891358606,celebhq_0000.jpg
Our Adaptive,2025-10-16 04:33:36.525315,0.7753171617599438,True,77.53171617599438,sad,sad,True,100.0,0.8236052989959717,0.7720123896934853,77.20123896934852,18.62888719627611,0.5513796674179204,55.13796674179204,0.9777275042257751,97.77275042257752,13.660007885203642,1366.0007885203643,0.8163637022132346,81.63637022132346,7.238185793708438,723.8185793708438,celebhq_0000.jpg
OpenCV Baseline,2025-10-16 04:39:50.998024,0.8900073633788592,True,89.00073633788593,neutral,angry,False,0.0,0.2662240266799927,0.2682922250247544,26.829222502475442,10.373790523331019,0.14138009500241772,14.138009500241772,0.09455251530836571,9.455251530836572,19.67569106158088,1967.569106158088,0.3560505455652262,35.60505455652262,10.015870803573053,1001.5870803573054,celebhq_0001.jpg
Simple Quantization,2025-10-16 04:39:54.305184,0.9839937081011545,True,98.39937081011544,neutral,neutral,True,100.0,0.9302056431770325,0.8450787274225563,84.50787274225563,28.96479409083691,0.4656543399118605,46.56543399118605,0.11393875076800326,11.393875076800326,5.287609813914579,528.7609813914579,0.7511528215168373,75.11528215168373,3.019381317715708,301.9381317715708,celebhq_0001.jpg
Edge-Preserving,2025-10-16 04:39:56.596876,0.6214174096080649,True,62.14174096080649,neutral,angry,False,0.0,0.23480558395385742,0.8155218151078717,81.55218151078716,29.564696508121937,0.3695666778636211,36.956667786362104,0.7636665261403314,76.36665261403314,2.2296884693818937,222.96884693818936,0.5195145665045866,51.95145665045866,1.37460151794324,137.460151794324,celebhq_0001.jpg
Our Method,2025-10-16 04:39:58.780824,0.9504237663854385,True,95.04237663854384,neutral,sad,False,0.0,0.26334208250045776,0.3645623830052682,36.45623830052682,12.04776249292038,0.15839771101573677,15.839771101573676,0.005622442705111176,0.5622442705111176,14.032498393339269,1403.249839333927,0.3826426295748124,38.264262957481236,7.207570511457041,720.757051145704,celebhq_0001.jpg
Our Adaptive,2025-10-16 04:40:01.424071,0.8886075399681883,True,88.86075399681883,neutral,angry,False,0.0,0.3080120086669922,0.7698262608281533,76.98262608281533,16.359985632464642,0.4528738163400132,45.28738163400132,0.273389758932396,27.3389758932396,7.853271991505342,785.3271991505342,0.5294870504469484,52.94870504469485,4.191379520976145,419.1379520976145,celebhq_0001.jpg
OpenCV Baseline,2025-10-16 04:45:48.359098,0.8392690126044973,True,83.92690126044972,happy,neutral,False,0.0,0.17948120832443237,0.3031846772646465,30.318467726464647,10.510569787065776,0.24020143988653983,24.020143988653984,0.09080821985282604,9.080821985282604,22.095434597239773,2209.5434597239773,0.3620690881951834,36.20690881951834,11.228751842717479,1122.875184271748,celebhq_0002.jpg
Simple Quantization,2025-10-16 04:45:50.653774,0.9837808857389507,True,98.37808857389507,happy,happy,True,100.0,0.984825611114502,0.8872632823200259,88.7263282320026,28.475580194343387,0.5650457135285544,56.504571352855436,0.08889833040230692,8.889833040230693,9.357445921056412,935.7445921056412,0.7706785287753196,77.06785287753196,5.064062224915865,506.4062224915865,celebhq_0002.jpg
Edge-Preserving,2025-10-16 04:45:53.004245,0.9406812896093388,True,94.06812896093388,happy,happy,True,100.0,0.9734050035476685,0.7928640140198064,79.28640140198064,28.799234229703732,0.24755591268246954,24.755591268246953,0.7678153178304701,76.781531783047,2.886049840590533,288.6049840590533,0.7930828742637038,79.30828742637038,1.8395663574271184,183.95663574271182,celebhq_0002.jpg
Our Method,2025-10-16 04:45:56.272197,0.9533510652992438,True,95.33510652992439,happy,happy,True,100.0,0.9965593218803406,0.4552504286379828,45.525042863798284,13.181731258602527,0.26915654264743105,26.915654264743104,-0.12277442256653444,-12.277442256653444,15.511144296982708,1551.114429698271,0.5990127233295043,59.90127233295043,8.055078510156106,805.5078510156105,celebhq_0002.jpg
Our Adaptive,2025-10-16 04:45:58.695867,0.9672558178441306,True,96.72558178441307,happy,happy,True,100.0,0.9927625060081482,0.8846738579886259,88.46738579886258,27.717068436724684,0.6508591725064798,65.08591725064798,0.9772849765974542,97.72849765974541,12.089064344518325,1208.9064344518326,0.9113331393165544,91.13331393165544,6.50019874191744,650.019874191744,celebhq_0002.jpg
OpenCV Baseline,2025-10-16 04:52:43.477294,0.8270868254779123,True,82.70868254779124,happy,happy,True,100.0,0.9364537000656128,0.38063354710114156,38.063354710114154,13.821915163326917,0.2406306960477764,24.06306960477764,0.23147323868605854,23.147323868605856,18.266542223762062,1826.6542223762062,0.5950683472736773,59.50683472736773,9.43080528551787,943.080528551787,celebhq_0003.jpg
Simple Quantization,2025-10-16 04:52:46.280669,0.9610424543918192,True,96.10424543918192,happy,happy,True,100.0,0.9930082559585571,0.8749600628688247,87.49600628688246,30.359788680394498,0.5940498400852878,59.404984008528785,0.1466197948816807,14.66197948816807,7.94382495655733,794.382495655733,0.7744051941363559,77.44051941363558,4.359115075346843,435.91150753468423,celebhq_0003.jpg
Edge-Preserving,2025-10-16 04:52:48.858713,0.5715970495722906,False,57.15970495722906,happy,surprise,False,0.0,0.21621352434158325,0.7809230766111122,78.09230766111122,28.113432477629267,0.19672558301124768,19.672558301124766,0.842402494688859,84.24024946888589,1.9420184954474955,194.20184954474956,0.4835329418489256,48.35329418489256,1.2127757186482104,121.27757186482104,celebhq_0003.jpg
Our Method,2025-10-16 04:52:51.613568,0.8388337103528773,True,83.88337103528774,happy,happy,True,100.0,0.9258354902267456,0.3737477788036183,37.37477788036183,13.914266805655256,0.2448847328951023,24.488473289510228,0.024207158936408384,2.4207158936408386,17.436093166575713,1743.6093166575713,0.5667634526413134,56.67634526413134,9.001428309608514,900.1428309608514,celebhq_0003.jpg
Our Adaptive,2025-10-16 04:52:55.233196,0.8212613614392152,True,82.12613614392153,happy,happy,True,100.0,0.9273996949195862,0.7724049365639262,77.24049365639262,17.616587884557077,0.6322488550526378,63.224885505263785,0.33219310002520347,33.219310002520345,9.95301264145795,995.3012641457949,0.7455256890062261,74.5525689006226,5.349269165232087,534.9269165232088,celebhq_0003.jpg
OpenCV Baseline,2025-10-16 04:59:02.709821,0.8911511449751164,True,89.11511449751164,angry,angry,True,100.0,0.6125597357749939,0.3646882585972708,36.468825859727076,11.273200303684177,0.16877221940071102,16.877221940071102,0.0766036530644403,7.66036530644403,17.447176787432504,1744.7176787432504,0.5770893760817618,57.70893760817618,9.012133081757133,901.2133081757133,celebhq_0004.jpg
Simple Quantization,2025-10-16 04:59:05.010190,0.9302269511872734,True,93.02269511872734,angry,fear,False,0.0,0.31239432096481323,0.8972341209805634,89.72341209805634,30.620410925201696,0.5448790095666854,54.48790095666855,0.27073349625834875,27.073349625834876,5.697370556102079,569.7370556102079,0.5808567854260498,58.08567854260498,3.139113670764065,313.91136707640646,celebhq_0004.jpg
Edge-Preserving,2025-10-16 04:59:07.478302,0.9748737543696373,True,97.48737543696373,angry,happy,False,0.0,0.23195576667785645,0.8040334732009453,80.40334732009453,28.69708860868128,0.27372448979591835,27.372448979591834,0.5184844508323253,51.848445083232534,1.8282539053524243,182.82539053524243,0.5721001620453168,57.21001620453168,1.2001770336988704,120.01770336988704,celebhq_0004.jpg
Our Method,2025-10-16 04:59:10.313504,0.9502140959600005,True,95.02140959600005,angry,sad,False,0.0,0.5103508234024048,0.43626745302952663,43.62674530295266,12.393747468338788,0.19314647915222344,19.314647915222345,-0.09358507798007137,-9.358507798007137,13.62496113945456,1362.496113945456,0.3872519295697283,38.72519295697283,7.006106534512145,700.6106534512145,celebhq_0004.jpg
Our Adaptive,2025-10-16 04:59:12.597705,0.8474484616837061,True,84.74484616837061,angry,angry,True,100.0,0.7121418714523315,0.8154214748649283,81.54214748649284,20.468132296288534,0.5217207116999153,52.17207116999153,0.2889195403610643,28.891954036106434,7.555463898602654,755.5463898602654,0.7389148712872443,73.89148712872444,4.147189384944949,414.71893849449486,celebhq_0004.jpg
OpenCV Baseline,2025-10-16 05:05:28.322370,0.9012430821439796,True,90.12430821439796,happy,happy,True,100.0,0.9923191666603088,0.3227848798871075,32.27848798871075,11.217900698990015,0.2366722033653499,23.66722033653499,7.979690367366834e-06,0.0007979690367366834,18.656048696181355,1865.6048696181354,0.5704319280789729,57.04319280789729,9.613240312130163,961.3240312130163,celebhq_0005.jpg
Simple Quantization,2025-10-16 05:05:31.114205,0.9938079430739966,True,99.38079430739965,happy,happy,True,100.0,0.99241042137146,0.8416051586929031,84.16051586929031,27.159677340915533,0.48384184308841843,48.384184308841846,0.18538580690781772,18.53858069078177,7.766673148660098,776.6673148660099,0.766847562160215,76.6847562160215,4.266760355410157,426.6760355410157,celebhq_0005.jpg
Edge-Preserving,2025-10-16 05:05:33.667612,0.9531064991564864,True,95.31064991564864,happy,happy,True,100.0,0.9969107508659363,0.8054833112438436,80.54833112438436,27.345934226755656,0.3342845153168275,33.428451531682754,0.8186321462111708,81.86321462111708,3.004468697940602,300.4468697940602,0.8199661112249145,81.99661112249144,1.9122174045827582,191.22174045827583,celebhq_0005.jpg
Our Method,2025-10-16 05:05:36.100223,0.9168735321423642,True,91.68735321423642,happy,happy,True,100.0,0.9915059208869934,0.41337696656774353,41.337696656774355,12.124990770456716,0.2582070277985455,25.82070277985455,-0.27162649656129734,-27.162649656129734,15.367186889648437,1536.7186889648438,0.5557245326418453,55.57245326418453,7.961455711145141,796.145571114514,celebhq_0005.jpg
Our Adaptive,2025-10-16 05:05:40.029285,0.8306273913247921,True,83.06273913247921,happy,happy,True,100.0,0.9902520775794983,0.804464631183765,80.4464631183765,17.020904773347954,0.6621519484838407,66.21519484838407,0.25505782010615347,25.505782010615345,9.774733963012695,977.4733963012695,0.7476626089226898,74.76626089226897,5.2611982859676925,526.1198285967693,celebhq_0005.jpg
OpenCV Baseline,2025-10-16 05:12:24.051466,0.7521984435197093,True,75.21984435197093,happy,happy,True,100.0,0.5380734801292419,0.35872560974304446,35.87256097430445,10.93205555338917,0.3121629864584604,31.21629864584604,0.012973746441095889,1.2973746441095888,21.323762076882755,2132.3762076882754,0.5461751649394552,54.617516493945516,10.934968620911105,1093.4968620911104,celebhq_0006.jpg
Simple Quantization,2025-10-16 05:12:26.790932,0.9920160530837632,True,99.20160530837632,happy,happy,True,100.0,0.9610065817832947,0.8738489806626676,87.38489806626676,29.015033517309128,0.5728123639529822,57.281236395298215,0.13841061780032174,13.841061780032174,11.190015155567844,1119.0015155567844,0.7790580593206581,77.9058059320658,5.984536607444251,598.4536607444251,celebhq_0006.jpg
Edge-Preserving,2025-10-16 05:12:29.457775,0.9655003783242717,True,96.55003783242717,happy,happy,True,100.0,0.9488096833229065,0.766795578438147,76.6795578438147,28.12385009122977,0.24290511265164644,24.290511265164643,0.8111959940082226,81.11959940082227,3.3875865487491383,338.7586548749138,0.8011243951838911,80.11243951838911,2.094355471966515,209.4355471966515,celebhq_0006.jpg
Our Method,2025-10-16 05:12:31.992056,0.9423255258118312,True,94.23255258118311,happy,sad,False,0.0,0.2037642002105713,0.4391253161249214,43.91253161249214,13.43869725716649,0.33463432376475855,33.46343237647586,-0.15156542586127467,-15.156542586127467,17.872816462797278,1787.2816462797277,0.3979830556540561,39.79830556540561,9.135399759225667,913.5399759225667,celebhq_0006.jpg
Our Adaptive,2025-10-16 05:12:35.349187,0.8077452772106897,True,80.77452772106896,happy,happy,True,100.0,0.8179922103881836,0.7473707603901826,74.73707603901826,15.765880405462214,0.6327027747116812,63.27027747116812,0.5560368366299527,55.60368366299527,15.06576026018928,1506.5760260189281,0.7701086769424884,77.01086769424884,7.917934468565885,791.7934468565885,celebhq_0006.jpg
OpenCV Baseline,2025-10-16 05:22:24.689759,0.6669719849542084,True,66.69719849542084,happy,happy,True,100.0,0.6980221271514893,0.47559183388753257,47.559183388753254,12.567053421858024,0.3416294435802663,34.16294435802663,0.06294105615410306,6.294105615410306,18.169535351921528,1816.953535192153,0.5558955372239245,55.58955372239245,9.362715444572727,936.2715444572726,celebhq_0007.jpg
Simple Quantization,2025-10-16 05:22:27.359115,0.991298834995963,True,99.1298834995963,happy,happy,True,100.0,0.939189076423645,0.9020983456165134,90.20983456165133,30.721360866602136,0.7027213845011648,70.27213845011649,0.21788171995837738,21.78817199583774,10.257013087553137,1025.7013087553137,0.8158997852910228,81.58997852910228,5.53645643642208,553.645643642208,celebhq_0007.jpg
Edge-Preserving,2025-10-16 05:22:30.479809,0.9467397835151525,True,94.67397835151526,happy,happy,True,100.0,0.9678396582603455,0.7648800519515553,76.48800519515552,28.72971025179581,0.33596264826146216,33.59626482614622,0.8629375888991335,86.29375888991335,4.2148671812169685,421.48671812169687,0.8168329810189462,81.68329810189462,2.515850081117957,251.58500811179573,celebhq_0007.jpg
Our Method,2025-10-16 05:22:33.821293,0.8966305363506042,True,89.66305363506042,happy,happy,True,100.0,0.930544912815094,0.5265530578937878,52.65530578937878,13.819500001628198,0.37997092553706996,37.997092553707,0.07080289072536644,7.080289072536644,15.691273678050322,1569.1273678050322,0.6419158449233043,64.19158449233043,8.166594761486813,816.6594761486813,celebhq_0007.jpg
Our Adaptive,2025-10-16 05:22:36.594443,0.7981307837066594,True,79.81307837066593,happy,neutral,False,0.0,0.18631166219711304,0.7571549853879409,75.7154985387941,17.560512422080144,0.5955867801306155,59.55867801306155,0.8894691647677675,88.94691647677675,14.327471187815947,1432.7471187815947,0.6136286239243435,61.362862392434344,7.470549905870145,747.0549905870146,celebhq_0007.jpg
OpenCV Baseline,2025-10-16 05:29:41.148083,0.8001890149071127,True,80.01890149071127,happy,angry,False,0.0,0.17293858528137207,0.43729664020328796,43.7296640203288,13.011785218531296,0.20073132219729078,20.07313221972908,0.29639527852106134,29.639527852106134,16.2879216856115,1628.79216856115,0.4020850226205442,40.20850226205442,8.345003354116022,834.5003354116022,celebhq_0008.jpg
Simple Quantization,2025-10-16 05:29:44.557257,0.9584190007808152,True,95.84190007808152,happy,happy,True,100.0,0.9476789236068726,0.866688613389513,86.6688613389513,29.608282887005966,0.5314893270327522,53.14893270327522,0.1611246628002225,16.11246628002225,6.312315409043256,631.2315409043256,0.7647555213870934,76.47555213870933,3.538535465215175,353.8535465215175,celebhq_0008.jpg
Edge-Preserving,2025-10-16 05:29:47.406725,0.8612577296770163,True,86.12577296770164,happy,happy,True,100.0,0.948735773563385,0.8006286551142449,80.06286551142449,28.92291832838127,0.3287072038017064,32.870720380170646,0.49963700377015735,49.96370037701573,2.437548029282514,243.75480292825137,0.7427546810617335,74.27546810617335,1.5901513551721236,159.01513551721237,celebhq_0008.jpg
Our Method,2025-10-16 05:29:49.666090,0.8374598106173369,True,83.74598106173369,happy,happy,True,100.0,0.9469776749610901,0.5123592913023912,51.23592913023912,15.710827428603904,0.22671246716508386,22.671246716508385,0.026462796540668587,2.6462796540668587,13.013675783942727,1301.3675783942726,0.5916860910015421,59.168609100154214,6.802680937472134,680.2680937472135,celebhq_0008.jpg
Our Adaptive,2025-10-16 05:29:52.245227,0.8002908399816231,True,80.0290839981623,happy,happy,True,100.0,0.9525579810142517,0.7870769983933696,78.70769983933697,17.8319380979859,0.5665246292824271,56.652462928242706,0.4838020161872385,48.38020161872385,8.68643991806928,868.6439918069279,0.7550516484936108,75.50516484936108,4.720745783281445,472.0745783281445,celebhq_0008.jpg
OpenCV Baseline,2025-10-16 05:37:22.528001,0.9033212675565145,True,90.33212675565146,happy,happy,True,100.0,0.9407278895378113,0.47683025958322806,47.68302595832281,14.640697771250455,0.20755550060931457,20.75555006093146,0.1845122447989698,18.45122447989698,15.397169018913718,1539.716901891372,0.6251725939948427,62.517259399484274,8.011170806454281,801.1170806454281,celebhq_0009.jpg
Simple Quantization,2025-10-16 05:37:26.474188,0.9854753905475405,True,98.54753905475405,happy,happy,True,100.0,0.994824230670929,0.8351413778615832,83.51413778615832,28.050075406980106,0.4726080546286956,47.26080546286956,0.20609514123194847,20.609514123194845,6.6831318215762865,668.3131821576286,0.7644763721156755,76.44763721156755,3.723804096845981,372.3804096845981,celebhq_0009.jpg
Edge-Preserving,2025-10-16 05:37:28.968234,0.9729859579173321,True,97.2985957917332,happy,happy,True,100.0,0.989868700504303,0.7651676400634185,76.51676400634186,29.276487985382133,0.2969181362330272,29.69181362330272,0.7963539713899404,79.63539713899404,2.2360307222254137,223.60307222254136,0.8089201315313284,80.89201315313284,1.522475426878371,152.2475426878371,celebhq_0009.jpg
Our Method,2025-10-16 05:37:31.412685,0.9450991571402703,True,94.50991571402703,happy,neutral,False,0.0,0.2571694254875183,0.3243168606249074,32.43168606249074,11.731333076629802,0.15473264977544277,15.473264977544277,0.07355858644107788,7.355858644107788,15.324327320772058,1532.4327320772059,0.3826368046995407,38.26368046995407,7.853482062735799,785.3482062735799,celebhq_0009.jpg
Our Adaptive,2025-10-16 05:37:34.211163,0.9057590720618772,True,90.57590720618772,happy,happy,True,100.0,0.9154102206230164,0.7550053230727914,75.50053230727914,17.714934096111026,0.46597486728848636,46.59748672884864,0.4217729239795234,42.177292397952336,9.79640723733341,979.640723733341,0.7558909549233229,75.58909549233229,5.276149096128367,527.6149096128366,celebhq_0009.jpg
OpenCV Baseline,2025-10-16 05:44:08.567661,0.7720021521935958,True,77.20021521935958,happy,neutral,False,0.0,0.44271349906921387,0.516918287143985,51.691828714398504,14.024928034836478,0.1005552308591467,10.05552308591467,0.254458384821544,25.445838482154397,9.908346790986903,990.8346790986902,0.38823634543897934,38.82363454389793,5.148291568212941,514.8291568212941,celebhq_0010.jpg
Simple Quantization,2025-10-16 05:44:11.932814,0.9798164604537517,True,97.98164604537517,happy,surprise,False,0.0,0.6609005331993103,0.8828356144538402,88.28356144538402,31.412897711999676,0.5334937825912555,53.349378259125544,0.18190275780888818,18.19027578088882,2.3643946434469783,236.43946434469783,0.577821542086915,57.78215420869151,1.4711080927669467,147.11080927669465,celebhq_0010.jpg
Edge-Preserving,2025-10-16 05:44:14.582398,0.8653423593764267,True,86.53423593764266,happy,surprise,False,0.0,0.5462706089019775,0.8897556733012605,88.97556733012605,29.44785291551842,0.36919182787922616,36.919182787922615,0.8540657802198649,85.40657802198649,1.1659714687571805,116.59714687571805,0.6210424836880437,62.10424836880437,0.8935069762226121,89.35069762226121,celebhq_0010.jpg
Our Method,2025-10-16 05:44:16.832067,0.7577541241218164,True,75.77541241218164,happy,happy,True,100.0,0.7133827209472656,0.4563639960590298,45.63639960590298,15.35586527795651,0.08618846694796062,8.618846694796062,0.014957715788454076,1.4957715788454076,10.227000683055204,1022.7000683055204,0.5337709638588131,53.37709638588131,5.380385823457009,538.0385823457009,celebhq_0010.jpg
Our Adaptive,2025-10-16 05:44:19.480293,0.7961767010744539,True,79.61767010744539,happy,happy,True,100.0,0.7942671775817871,0.8045088634922689,80.45088634922689,18.512229713116955,0.25179005043272523,25.17900504327252,0.854779624345028,85.4779624345028,4.844887116376091,484.4887116376091,0.7657402342374531,76.5740234237453,2.8053136753067722,280.53136753067724,celebhq_0010.jpg
OpenCV Baseline,2025-10-16 05:51:46.410018,0.858235281227902,True,85.82352812279021,happy,happy,True,100.0,0.9379740953445435,0.5237001853549371,52.37001853549371,14.589675248850533,0.09356936416184972,9.356936416184972,0.23418454580814227,23.418454580814227,11.206541065889246,1120.6541065889246,0.6113737079348569,61.13737079348569,5.908957386912052,590.8957386912052,celebhq_0011.jpg
Simple Quantization,2025-10-16 05:51:49.048178,0.9802696927778187,True,98.02696927778187,happy,happy,True,100.0,0.9931369423866272,0.8731113236847415,87.31113236847415,31.916585048168923,0.5074238082834072,50.742380828340714,0.30843651947956996,30.843651947956996,2.330929390402401,233.09293904024008,0.7910822217347405,79.10822217347405,1.5610058060685708,156.10058060685708,celebhq_0011.jpg
Edge-Preserving,2025-10-16 05:51:52.337562,0.8892572357734074,True,88.92572357734075,happy,happy,True,100.0,0.998170018196106,0.8304982653752332,83.04982653752332,30.92509622455473,0.25066666666666665,25.066666666666666,0.8794718804976198,87.94718804976198,0.9432100363338695,94.32100363338695,0.8023976058817118,80.23976058817118,0.8728038211077906,87.28038211077906,celebhq_0011.jpg
Our Method,2025-10-16 05:51:54.556654,0.7688301182922096,True,76.88301182922096,happy,happy,True,100.0,0.9680368900299072,0.3758731017395039,37.58731017395039,11.399627282407828,0.0899063887553381,8.99063887553381,0.20110701042464404,20.110701042464406,10.096647913315717,1009.6647913315717,0.549475665712561,54.947566571256104,5.323061789514139,532.3061789514139,celebhq_0011.jpg
Our Adaptive,2025-10-16 05:51:57.040552,0.8315155742692854,True,83.15155742692853,happy,happy,True,100.0,0.9801664352416992,0.7394581388423183,73.94581388423182,16.695176425281293,0.2125648359106113,21.25648359106113,0.6006147405051808,60.06147405051808,6.212077282176298,621.2077282176298,0.7193232365116181,71.93232365116181,3.4657002593439583,346.57002593439586,celebhq_0011.jpg
OpenCV Baseline,2025-10-16 06:01:30.027291,0.6281805242877544,True,62.81805242877544,surprise,neutral,False,0.0,0.16887789964675903,0.5329956569837316,53.299565698373165,15.488330234525954,0.08106289942818702,8.106289942818702,0.12605345850128782,12.605345850128783,10.334383755852194,1033.4383755852193,0.3261207423724939,32.61207423724939,5.330252249112344,533.0252249112344,celebhq_0012.jpg
Simple Quantization,2025-10-16 06:01:33.921258,0.5584010911668897,False,55.84010911668897,surprise,angry,False,0.0,0.17151343822479248,0.8950841918877303,89.50841918877302,30.21975928548432,0.3681693172306589,36.816931723065885,0.25961108567547614,25.961108567547615,2.5246294627470127,252.46294627470127,0.4407042261635333,44.070422616353326,1.482666844455273,148.26668444552732,celebhq_0012.jpg
Edge-Preserving,2025-10-16 06:01:36.226818,0.6664563506965671,True,66.6456350696567,surprise,happy,False,0.0,0.17526471614837646,0.8600306274546808,86.00306274546809,29.569520217782703,0.4286328460877042,42.86328460877042,0.8436145551761399,84.36145551761399,1.0510250091552735,105.10250091552736,0.5627801408894828,56.27801408894828,0.8069025750223782,80.69025750223781,celebhq_0012.jpg
Our Method,2025-10-16 06:01:38.485625,0.520687596175276,False,52.068759617527604,surprise,neutral,False,0.0,0.16755151748657227,0.33146265963430677,33.14626596343068,13.316476364215378,0.04641573464212082,4.641573464212082,-0.04299014256114766,-4.2990142561147655,15.871669805190143,1587.1669805190143,0.22301264959159015,22.301264959159013,8.047341227390866,804.7341227390866,celebhq_0012.jpg
Our Adaptive,2025-10-16 06:01:41.177290,0.5852196569353414,False,58.52196569353414,surprise,sad,False,0.0,0.16954869031906128,0.877226055034964,87.7226055034964,23.4573399897754,0.32915116379683307,32.915116379683305,0.9440402396935029,94.40402396935029,3.603568707634421,360.3568707634421,0.5419898186111456,54.19898186111456,2.0727792631227833,207.27792631227834,celebhq_0012.jpg
OpenCV Baseline,2025-10-16 06:08:23.722760,0.8435038212679513,True,84.35038212679513,happy,neutral,False,0.0,0.18437087535858154,0.2244065131164737,22.44065131164737,9.016839335752683,0.06418073105357722,6.418073105357721,0.1245639922387739,12.45639922387739,19.578522145888385,1957.8522145888385,0.32624415749753277,32.624415749753275,9.95238315169296,995.238315169296,celebhq_0013.jpg
Simple Quantization,2025-10-16 06:08:27.814708,0.9748602142077889,True,97.48602142077888,happy,happy,True,100.0,0.9283447861671448,0.8707686149674936,87.07686149674936,30.75305372449779,0.4769059543683918,47.690595436839175,0.22566779578592855,22.566779578592854,2.4534594008501838,245.34594008501838,0.7719978497789834,77.19978497789835,1.6127286253145836,161.27286253145837,celebhq_0013.jpg
Edge-Preserving,2025-10-16 06:08:30.497232,0.9044138336619338,True,90.44138336619338,happy,happy,True,100.0,0.9289900064468384,0.7855964824595584,78.55964824595584,29.734637272737864,0.21050228310502284,21.050228310502284,0.9373923220407109,93.73923220407109,0.8415519175809973,84.15519175809973,0.8006276373623519,80.06276373623518,0.8210897774716746,82.10897774716746,celebhq_0013.jpg
Our Method,2025-10-16 06:08:33.013370,0.9464292817702221,True,94.64292817702221,happy,happy,True,100.0,0.6278835535049438,0.2956584976928878,29.565849769288782,10.331651666666424,0.07067508499271491,7.067508499271491,0.026623387459117475,2.6623387459117476,14.657872525383445,1465.7872525383445,0.5576552549374191,55.765525493741904,7.607763890160432,760.7763890160431,celebhq_0013.jpg
Our Adaptive,2025-10-16 06:08:36.078935,0.7244004086593624,True,72.44004086593624,happy,neutral,False,0.0,0.1735324263572693,0.7546212619107138,75.46212619107138,13.953980827461463,0.2592483708167965,25.92483708167965,0.3368127616109795,33.68127616109795,6.040219605389763,604.0219605389763,0.45765354484411785,45.76535448441179,3.2489365751169403,324.893657511694,celebhq_0013.jpg
OpenCV Baseline,2025-10-16 06:14:41.402254,0.9298282234555666,True,92.98282234555666,neutral,neutral,True,100.0,0.7222825288772583,0.39040305392373803,39.0403053923738,13.584560090268907,0.13183385066525247,13.183385066525247,0.04998758256689756,4.998758256689756,18.11598943373736,1811.5989433737361,0.5843022928062401,58.43022928062401,9.3501458632718,935.01458632718,celebhq_0014.jpg
Simple Quantization,2025-10-16 06:14:44.549971,0.991013673855865,True,99.1013673855865,neutral,neutral,True,100.0,0.7603840827941895,0.7814206697879068,78.14206697879068,28.40690801572749,0.47864190365641324,47.86419036564132,0.20082718951914355,20.082718951914355,4.5434472521613625,454.3447252161362,0.7555086000906743,75.55086000906743,2.6494779261260186,264.94779261260186,celebhq_0014.jpg
Edge-Preserving,2025-10-16 06:14:47.577752,0.9720486359873328,True,97.20486359873328,neutral,neutral,True,100.0,0.7836132049560547,0.7547280157506099,75.47280157506098,29.060117158250577,0.4075572457318553,40.75572457318553,0.8036300451360386,80.36300451360387,2.08442845064051,208.44284506405103,0.824238287576506,82.4238287576506,1.454333369108508,145.4333369108508,celebhq_0014.jpg
Our Method,2025-10-16 06:14:51.560390,0.9220988110253723,True,92.20988110253722,neutral,neutral,True,100.0,0.9127810001373291,0.3086491895112129,30.86491895112129,11.510804146620439,0.1244163333643382,12.44163333643382,-0.042143052073130925,-4.214305207313092,14.594861755371094,1459.4861755371094,0.5507004734035353,55.07004734035353,7.572781114387315,757.2781114387315,celebhq_0014.jpg
Our Adaptive,2025-10-16 06:14:54.783095,0.8899388253662921,True,88.99388253662921,neutral,angry,False,0.0,0.2831311821937561,0.7814063197789295,78.14063197789295,18.34009655040242,0.40813315679969736,40.81331567996973,0.35405696105340917,35.405696105340915,7.880639280431411,788.0639280431411,0.5375914292436395,53.75914292436394,4.209115354837525,420.9115354837525,celebhq_0014.jpg
OpenCV Baseline,2025-10-16 06:21:37.797631,0.854193097438043,True,85.41930974380429,neutral,neutral,True,100.0,0.9416524171829224,0.4158725250046153,41.58725250046153,12.753428810014555,0.16631569167879595,16.631569167879594,0.8844051856830895,88.44051856830895,17.567664583991554,1756.7664583991555,0.6970405658366188,69.70405658366188,9.132352574914087,913.2352574914087,celebhq_0015.jpg
Simple Quantization,2025-10-16 06:21:40.353748,0.9889005425664412,True,98.89005425664412,neutral,neutral,True,100.0,0.9486775994300842,0.8406012094790398,84.06012094790398,29.197366965466692,0.4990664516676568,49.90664516676568,0.15871919880340135,15.871919880340135,6.087668959673713,608.7668959673713,0.7634582522363991,76.3458252236399,3.425563605955056,342.55636059550557,celebhq_0015.jpg
Edge-Preserving,2025-10-16 06:21:43.613433,0.9708104391616168,True,97.08104391616168,neutral,neutral,True,100.0,0.7784603834152222,0.72226776594239,72.226776594239,29.427788869780507,0.2738756652435815,27.38756652435815,0.37754758398452526,37.75475839845252,2.012133928186753,201.21339281867532,0.7334101723211791,73.3410172321179,1.3727720502539662,137.27720502539663,celebhq_0015.jpg
Our Method,2025-10-16 06:21:45.690563,0.8954279858968268,True,89.54279858968268,neutral,sad,False,0.0,0.47312259674072266,0.3337927112037586,33.37927112037586,11.440921969050962,0.17490939293264873,17.490939293264873,0.6234985904902777,62.34985904902777,13.79078056784237,1379.078056784237,0.45514813552323863,45.514813552323865,7.122964351682804,712.2964351682805,celebhq_0015.jpg
Our Adaptive,2025-10-16 06:21:48.099493,0.8112998257635754,True,81.12998257635753,neutral,neutral,True,100.0,0.9382314085960388,0.7550517801821242,75.50517801821242,16.621985398429302,0.42421571011673154,42.42157101167315,0.8579312561423119,85.79312561423119,9.34589308346019,934.589308346019,0.7867223487043539,78.67223487043539,5.066307716082272,506.6307716082272,celebhq_0015.jpg
OpenCV Baseline,2025-10-16 06:32:49.662296,0.6429617909968098,True,64.29617909968098,sad,angry,False,0.0,0.16885244846343994,0.4430094951123881,44.300949511238805,13.803704377920415,0.23883968589766574,23.883968589766575,0.3177773110055409,31.777731100554092,15.017292606129367,1501.7292606129367,0.36498298585700156,36.498298585700155,7.691137795993184,769.1137795993184,celebhq_0016.jpg
Simple Quantization,2025-10-16 06:32:52.066752,0.6179374748289888,True,61.79374748289887,sad,sad,True,100.0,0.8479902148246765,0.8661558038143871,86.6155803814387,29.866053070801332,0.6126909327266818,61.26909327266819,0.0760833788311871,7.608337883118709,6.597096422980814,659.7096422980813,0.6619285499452545,66.19285499452545,3.629512486463034,362.9512486463034,celebhq_0016.jpg
Edge-Preserving,2025-10-16 06:32:54.341409,0.8738188414449402,True,87.38188414449401,sad,sad,True,100.0,0.6699415445327759,0.8160665932970811,81.60665932970811,27.996055917991395,0.32832650584129874,32.83265058412987,0.5641283537191427,56.41283537191427,2.576759885900161,257.67598859001606,0.7592272000269645,75.92272000269645,1.6679935429635626,166.79935429635626,celebhq_0016.jpg
Our Method,2025-10-16 06:32:57.101742,0.6368136282933887,True,63.68136282933887,sad,angry,False,0.0,0.4661029577255249,0.4798467246022779,47.98467246022779,14.46472880309942,0.24151266870003787,24.151266870003788,0.20859802929927332,20.859802929927334,13.085321412927964,1308.5321412927965,0.3545300381083689,35.45300381083689,6.719925725518166,671.9925725518167,celebhq_0016.jpg
Our Adaptive,2025-10-16 06:33:00.051701,0.5768632432332174,False,57.686324323321735,sad,neutral,False,0.0,0.2538294196128845,0.8178744493034418,81.78744493034418,23.972531433076583,0.5914343330879294,59.143433308792936,0.7686979158514028,76.86979158514028,9.442455332138959,944.2455332138959,0.5406537001715535,54.065370017155345,4.991554516155256,499.15545161552564,celebhq_0016.jpg
OpenCV Baseline,2025-10-16 06:42:16.840112,0.7906018566945072,True,79.06018566945072,fear,neutral,False,0.0,0.2914683222770691,0.4105441702311327,41.054417023113274,14.915242611877277,0.11881719320690864,11.881719320690864,0.27501568003411386,27.501568003411386,13.805958678301643,1380.5958678301643,0.3783643220407321,37.83643220407321,7.092161500171187,709.2161500171187,celebhq_0017.jpg
Simple Quantization,2025-10-16 06:42:19.265172,0.645544407810678,True,64.5544407810678,fear,fear,True,100.0,0.6643428802490234,0.8664849052497935,86.64849052497935,29.59196655105755,0.4518840579710145,45.18840579710145,0.2752455720477353,27.52455720477353,3.943933217665728,394.3933217665728,0.6760297478959746,67.60297478959745,2.3099814827808514,230.99814827808513,celebhq_0017.jpg
Edge-Preserving,2025-10-16 06:42:21.420901,0.9833285205115014,True,98.33285205115014,fear,fear,True,100.0,0.7422369718551636,0.8631455501468637,86.31455501468636,30.112809291485302,0.4080666967102298,40.80666967102298,0.766161980646974,76.6161980646974,1.668585402544807,166.85854025448072,0.8437619677864037,84.37619677864036,1.2561736851656053,125.61736851656053,celebhq_0017.jpg
Our Method,2025-10-16 06:42:24.373368,0.826552847427244,True,82.6552847427244,fear,sad,False,0.0,0.37713563442230225,0.4061453243358328,40.61453243358328,13.838443492625396,0.13331005399016896,13.331005399016895,0.03022914955904467,3.022914955904467,10.316492403815776,1031.6492403815776,0.35372579962772177,35.37257996277218,5.3351091017217485,533.5109101721748,celebhq_0017.jpg
Our Adaptive,2025-10-16 06:42:27.172482,0.7453172520303405,True,74.53172520303404,fear,neutral,False,0.0,0.28729379177093506,0.8445382733480714,84.45382733480714,22.397767427265354,0.39282704866231305,39.282704866231306,0.9704345652260402,97.04345652260402,5.752047181970933,575.2047181970933,0.5969920723619694,59.69920723619694,3.174519627166451,317.4519627166451,celebhq_0017.jpg
OpenCV Baseline,2025-10-16 06:48:44.159567,0.8487476370381337,True,84.87476370381337,fear,sad,False,0.0,0.22164738178253174,0.40072893083461475,40.07289308346147,12.990768735802531,0.18823569845170382,18.823569845170383,0.1287641002378502,12.87641002378502,15.993458723180433,1599.3458723180433,0.38232004708179623,38.23200470817962,8.187889385131115,818.7889385131115,celebhq_0018.jpg
Simple Quantization,2025-10-16 06:48:46.786798,0.9569402953252508,True,95.69402953252508,fear,fear,True,100.0,0.7576558589935303,0.873644391729532,87.3644391729532,29.660537430287096,0.4569063327310165,45.690633273101646,0.27859087411574085,27.859087411574084,6.047387192670037,604.7387192670037,0.7721355479704951,77.21355479704951,3.409761370320266,340.9761370320266,celebhq_0018.jpg
Edge-Preserving,2025-10-16 06:48:49.095227,0.5243492427530458,False,52.43492427530458,fear,angry,False,0.0,0.18953919410705566,0.8377353286070905,83.77353286070905,29.477900950556855,0.32505888747961587,32.505888747961585,0.797577131415431,79.75771314154309,2.249565137975356,224.9565137975356,0.4932472413815889,49.324724138158885,1.3714061896784724,137.14061896784725,celebhq_0018.jpg
Our Method,2025-10-16 06:48:50.934312,0.8767358747275535,True,87.67358747275536,fear,fear,True,100.0,0.7828304767608643,0.4472837007570991,44.72837007570991,15.257691826419347,0.18699106648746935,18.699106648746934,-0.02298449538704465,-2.2984495387044652,13.391508389641258,1339.1508389641258,0.5770784882347497,57.707848823474976,6.984293438938003,698.4293438938004,celebhq_0018.jpg
Our Adaptive,2025-10-16 06:48:53.705603,0.841221698121936,True,84.1221698121936,fear,sad,False,0.0,0.23883426189422607,0.7792563415549247,77.92563415549247,15.779442620285419,0.4954515682992504,49.54515682992504,0.43732657060421515,43.732657060421516,7.864456535788143,786.4456535788144,0.5481344985830856,54.81344985830856,4.206295517185614,420.6295517185614,celebhq_0018.jpg
OpenCV Baseline,2025-10-16 06:55:52.795686,0.7956862359464097,True,79.56862359464097,happy,angry,False,0.0,0.167469322681427,0.3097980239811524,30.97980239811524,10.96579091400235,0.1973191405479992,19.73191405479992,0.19821357459312763,19.821357459312765,18.044056086820714,1804.4056086820713,0.3599953828513224,35.99953828513224,9.202025734836019,920.2025734836019,celebhq_0019.jpg
Simple Quantization,2025-10-16 06:55:56.381868,0.9845450567677747,True,98.45450567677747,happy,happy,True,100.0,0.996428370475769,0.8815099753660666,88.15099753660665,28.681501956352538,0.4993216250847969,49.932162508479685,0.2681847815133284,26.81847815133284,6.780353532678941,678.035353267894,0.7867914730932646,78.67914730932645,3.783572502886103,378.3572502886103,celebhq_0019.jpg
Edge-Preserving,2025-10-16 06:55:58.791543,0.9325713456542605,True,93.25713456542604,happy,happy,True,100.0,0.9863191246986389,0.8327421345235421,83.2742134523542,28.841766696230238,0.41403761175624293,41.40376117562429,0.809443026948457,80.9443026948457,3.086724552827723,308.6724552827723,0.8298419264066914,82.98419264066914,1.9582832396172072,195.8283239617207,celebhq_0019.jpg
Our Method,2025-10-16 06:56:01.135260,0.8554392993209015,True,85.54392993209015,happy,neutral,False,0.0,0.17051798105239868,0.46317713862547927,46.317713862547926,10.079601614695237,0.22650607271113263,22.650607271113262,-0.045754596291297446,-4.575459629129744,12.75544241063735,1275.544241063735,0.37637993898434163,37.63799389843416,6.565911174810846,656.5911174810846,celebhq_0019.jpg
Our Adaptive,2025-10-16 06:56:03.708037,0.7928508246075008,True,79.28508246075008,happy,happy,True,100.0,0.9039064049720764,0.7868538635830167,78.68538635830167,18.24413006161544,0.5506531204644413,55.06531204644413,0.8943020171420853,89.43020171420854,9.112697260239544,911.2697260239545,0.8119692907398326,81.19692907398326,4.962333275489689,496.2333275489689,celebhq_0019.jpg
